Gene,baseMean,log2FoldChange,lfcSE,stat,pvalue,padj,Locus
ENSG00000143162,10672.854105219845,-2.844497787922463,0.13588253673639908,-20.933505189416312,2.652553571493018e-97,4.5825515501113385e-93,Ap.102
ENSG00000133636,784.7307541404978,5.8593178944829996,0.28904987587046427,20.270958002794,2.3209456993502222e-91,2.0048328950987218e-87,Ap.102
ENSG00000163453,3933.935175520305,-3.0453581235693568,0.15320729771700198,-19.877369870426232,6.389674522864069e-88,3.679600568566655e-84,Ap.102
ENSG00000164683,614.1675054235029,6.568947872524963,0.3675029744055279,17.874543418732543,1.8619339656871696e-71,8.041692797802885e-68,Ap.102
ENSG00000163950,5929.376335542995,-2.475441813080003,0.1561591255769247,-15.852047095772118,1.3607499390614546e-56,4.701663189445137e-53,Ap.102
ENSG00000113384,3640.2120141635314,-2.3697522569438063,0.15566456334811937,-15.223453597748044,2.4713317603285895e-52,7.115787915239452e-49,Ap.102
ENSG00000163520,5026.845726845401,2.2618593294841056,0.14918771905131734,15.161163022447411,6.392722064647978e-52,1.577723805555121e-48,Ap.102
ENSG00000114353,7346.803549188303,-2.2098318362430387,0.1482920045169505,-14.901894700536227,3.2036428293630324e-50,6.918266690009468e-47,Ap.102
ENSG00000117318,483.9161866184535,4.602609684603072,0.30963101825962164,14.86482107145946,5.576367528531955e-50,1.0704147269213117e-46,Ap.102
ENSG00000078808,1865.1471853182072,-3.2909234584766276,0.226017350268479,-14.560490398491273,5.009712998992172e-48,8.654780177058876e-45,Ap.102
ENSG00000159128,2037.5299783578353,-2.4441522952485233,0.17626966593748122,-13.865983589685861,1.0182071546846879e-43,1.599140618575697e-40,Ap.102
ENSG00000173085,966.7910529564267,-2.858650653880525,0.2085649486887008,-13.706285125346161,9.310410445943381e-43,1.3403887572009822e-39,Ap.102
ENSG00000135678,1695.7277682369017,2.390417161613686,0.1769867313121643,13.506194186938986,1.4376352554134715e-41,1.9105066671171642e-38,Ap.102
ENSG00000117906,1789.74752892729,-2.618622830550783,0.20087301988066494,-13.03620980112939,7.61494867795777e-39,9.396846668599889e-36,Ap.102
ENSG00000089876,1484.013310181115,-2.4038565971811603,0.18460740466244469,-13.021452750373804,9.239613437827271e-39,1.0641570783460263e-35,Ap.102
ENSG00000134827,12462.543868405708,1.9445571938967818,0.15147682860585718,12.837324439611296,1.0131579547361137e-37,1.0939573016263187e-34,Ap.102
ENSG00000064115,14077.845338330611,-1.7226704249926572,0.13483644713290366,-12.775999825141344,2.232601666710457e-37,2.2688486114170506e-34,Ap.102
ENSG00000159873,2015.5179438300836,-2.0486336159892082,0.16568929717647138,-12.364308684388115,4.077037888400059e-35,3.9130503644444125e-32,Ap.102
ENSG00000223609,4863.650932054142,2.0106625193652032,0.16269281807015123,12.35864338214505,4.3747733239331763e-35,3.9778202075931346e-32,Ap.102
ENSG00000115756,1323.4093884637014,-2.263620844631477,0.18591933019661055,-12.17528506711856,4.209208898721065e-34,3.635914646715256e-31,Ap.102
ENSG00000176890,8564.349525233183,-1.7678498911846476,0.1456858975513135,-12.134667259485258,6.919068080426943e-34,5.692086674164565e-31,Ap.102
ENSG00000126803,1797.407569897128,2.6013948924567516,0.21770160667348837,11.949360099846928,6.542705362439909e-33,5.137808083705085e-30,Ap.102
ENSG00000071246,862.567783140609,2.6685102069896076,0.22343295916450645,11.943225462206183,7.043769609712835e-33,5.2907897294521284e-30,Ap.102
ENSG00000265107,387.9604901001126,3.537720412026907,0.30282279752681257,11.682477148087472,1.5666238162116705e-31,1.1277080437030343e-28,Ap.102
ENSG00000022267,1967.5339360204339,-1.9107761645094419,0.16642191268989373,-11.48151787000509,1.6338668194082174e-30,1.1290673268838545e-27,Ap.102
ENSG00000099624,946.7393318084269,-2.9677696024297258,0.2587758474170183,-11.468495348590833,1.8993301080167917e-30,1.2620318056191574e-27,Ap.102
ENSG00000176393,4249.394495389281,-1.7834970480149859,0.15802339009121394,-11.286285194777301,1.533832057061423e-29,9.814252821404867e-27,Ap.102
ENSG00000100997,1440.3207748382808,-2.592185867939819,0.23201173831050234,-11.172649654780333,5.55001602689299e-29,3.424359888592975e-26,Ap.102
ENSG00000104341,5006.422767436763,-1.596025499714469,0.14387685013694293,-11.092997227805316,1.3566464893107559e-28,8.081870603218145e-26,Ap.102
ENSG00000263001,3438.0599057438694,-1.8051991990977325,0.16456519452575522,-10.969507885916974,5.356312159542833e-28,3.084521628942066e-25,Ap.102
ENSG00000153066,2501.6141648141192,-1.7506637198330535,0.16105517834173275,-10.869962318867087,1.6026702604140882e-27,8.931526264165738e-25,Ap.102
ENSG00000112062,4976.906180779145,-1.554708889269188,0.1435280819086382,-10.83208852647266,2.4255882322339452e-27,1.3095144468773011e-24,Ap.102
ENSG00000187713,568.8955246404846,-2.9756483007432633,0.2765006670000283,-10.761812378351184,5.2134608321790765e-27,2.7293257374765372e-24,Ap.102
ENSG00000277632,454.40656403757566,3.112323919467951,0.2896886823965616,10.743684888619219,6.345983640863599e-27,3.224506275869398e-24,Ap.102
ENSG00000172301,854.2159181638555,-2.2154935076858795,0.21037651024909565,-10.53108783420084,6.211248255778492e-26,3.065872139052264e-23,Ap.102
ENSG00000138061,3348.5026984454703,1.834624721979142,0.17472102797327865,10.500308653516647,8.609814238982687e-26,4.1317541886851364e-23,Ap.102
ENSG00000170340,3090.282529026347,-1.886889656290039,0.18116844617363714,-10.41511199186192,2.1154845341091917e-25,9.877597516559566e-23,Ap.102
ENSG00000103254,312.373970296649,-3.4914505161573652,0.34214102907332794,-10.204711564742137,1.8888152436236977e-24,8.587150565485001e-22,Ap.102
ENSG00000140931,1765.9576416968932,-1.8464152750445726,0.1843966105674561,-10.013282073691455,1.3325683577830617e-23,5.9029361407846595e-21,Ap.102
ENSG00000134851,4883.124694150582,-1.4408138581440935,0.1451689963605759,-9.925079695153013,3.238439250372661e-23,1.3986819122359522e-20,Ap.102
ENSG00000123472,1249.9671312413634,-2.191470479586513,0.2212331720582818,-9.905704733145491,3.9318812856611373e-23,1.6567605144166296e-20,Ap.102
ENSG00000105726,2101.935827719127,-1.927750468600682,0.19469658699440026,-9.901305915835735,4.1087434875562394e-23,1.6900631545481332e-20,Ap.102
ENSG00000010278,3932.783048342911,1.5002558938320345,0.1517486253334107,9.88645459249324,4.76609030996302e-23,1.914859911509794e-20,Ap.102
ENSG00000159840,3009.9874973988026,-1.5784755583834809,0.1597835367002763,-9.878837275609955,5.1426130124628364e-23,2.0191768728024537e-20,Ap.102
ENSG00000108106,2436.6948748230434,-1.6114684691173051,0.16333237387672928,-9.866191440611264,5.833769671760259e-23,2.239648996651783e-20,Ap.102
ENSG00000073756,1346.6303798347144,1.860446669677048,0.19276095929834047,9.651574034748359,4.840692924149251e-22,1.8179958903826622e-19,Ap.102
ENSG00000108702,233.32327153442245,3.620517897383975,0.375784522361726,9.634558322492337,5.713718351570597e-22,2.1002169838666729e-19,Ap.102
ENSG00000079156,1173.3981455028547,1.9436982037038881,0.20182801757344898,9.630467697561068,5.945823152031071e-22,2.1400008494685164e-19,Ap.102
ENSG00000053371,1737.2577391184357,-1.8032586263534105,0.18956797306945167,-9.512464564321496,1.8619794157203436e-21,6.564807425711154e-19,Ap.102
ENSG00000027869,496.9144995878903,2.3507997402058467,0.25069365241930436,9.377180943831613,6.776015469103509e-21,2.3412488648846444e-18,Ap.102
ENSG00000240857,717.920379040728,-2.033441899115493,0.21975018417786757,-9.253425232488583,2.1741147490876712e-20,7.36470713828208e-18,Ap.102
ENSG00000102225,1131.2094816413655,-1.7263621103230467,0.18954648597895565,-9.107856056559738,8.402594766798755e-20,2.791600522907986e-17,Ap.102
ENSG00000118515,3277.715154167464,1.512269966313102,0.16610856795434006,9.104105736007519,8.698002275778635e-20,2.835220515402862e-17,Ap.102
ENSG00000067113,9345.245039470734,1.4321899721719518,0.15885570413319586,9.015666009519572,1.956778158391834e-19,6.260240641551356e-17,Ap.102
ENSG00000119411,1192.1973063976584,-1.7204383782834436,0.19211382170693228,-8.955307655624878,3.3878954526929193e-19,1.064168760740416e-16,Ap.102
ENSG00000168884,977.6814865770946,-1.7669040581953852,0.197681243040953,-8.938147246622389,3.95749522807077e-19,1.2208872778598326e-16,Ap.102
ENSG00000187676,1316.074861531456,-1.8313925736998373,0.20542133644365518,-8.915298699763683,4.865030467733598e-19,1.4745309887818533e-16,Ap.102
ENSG00000082014,613.1290386973048,-2.4912893582472693,0.28131859143303717,-8.855757970195425,8.311705394886894e-19,2.475741765552862e-16,Ap.102
ENSG00000082438,1191.1098801990877,-1.6260739546582386,0.18675810592848152,-8.7068453954065,3.1244881441315988e-18,9.148924945426694e-16,Ap.102
ENSG00000163536,1525.4349146262523,1.561798423195302,0.17993366041107436,8.679856896298531,3.9626709525732394e-18,1.1409850562775882e-15,Ap.102
ENSG00000069998,1848.1690220501368,-1.8315041240481618,0.2112930326756809,-8.668076277079068,4.394822849106322e-18,1.2446714678878822e-15,Ap.102
ENSG00000145649,720.7783128918209,-1.8732036451919547,0.21744997833051194,-8.614411735395938,7.030161923170203e-18,1.9589206029788455e-15,Ap.102
ENSG00000176894,383.2265606903637,-2.545974740974173,0.2964032079701885,-8.58956540453584,8.729890001951477e-18,2.393929836090694e-15,Ap.102
ENSG00000141696,557.3891236014327,-2.0464000509981637,0.23866687328702954,-8.57429446665222,9.969605204455924e-18,2.6851018019322393e-15,Ap.102
ENSG00000135218,5671.577691997248,1.5304163949300527,0.17852064892520195,8.572769615974671,1.010254787714723e-17,2.6851018019322393e-15,Ap.102
ENSG00000019991,4899.277815462141,-1.3116567974928812,0.1530393955379389,-8.57071339626219,1.0284591450243908e-17,2.692069725672936e-15,Ap.102
ENSG00000172232,2189.939995457719,-1.3959501931527691,0.16367269785819327,-8.528912955062465,1.4772928959146477e-17,3.809210756689769e-15,Ap.102
ENSG00000141385,2684.8592697179456,-1.478876707276859,0.17467366524505962,-8.466512139663747,2.5285048984412367e-17,6.423889797863354e-15,Ap.102
ENSG00000136770,1015.5740040543586,-1.9467416279751302,0.23073384647818324,-8.43717407605911,3.2510209579812607e-17,8.077911874025926e-15,Ap.102
ENSG00000004487,4494.378627727377,-1.2379115369240177,0.14673484818688368,-8.436384077948514,3.273059916542109e-17,8.077911874025926e-15,Ap.102
ENSG00000166900,4855.472811758055,-1.208277526468376,0.14372145380658685,-8.407078376026,4.203501952968818e-17,1.0228126723871733e-14,Ap.102
ENSG00000140280,255.71286210749975,-3.087033990278214,0.36924786265777293,-8.360330018049002,6.254305220362997e-17,1.5006857914859882e-14,Ap.102
ENSG00000125257,10535.33642795798,1.2401815185810128,0.14901889853634367,8.322310329508639,8.62650957574408e-17,2.0415284853500647e-14,Ap.102
ENSG00000171033,1152.613678180535,-1.970148789077929,0.23742497305003885,-8.297984680249737,1.0589232804242915e-16,2.4721565665689268e-14,Ap.102
ENSG00000050628,1739.3952962858489,-1.5441992107947402,0.18662671987414559,-8.27426647071809,1.2924882026960356e-16,2.977203491970228e-14,Ap.102
ENSG00000165092,12943.655336865926,-1.1399141516263072,0.13794868324266266,-8.263320278462592,1.416754421277428e-16,3.220506497630112e-14,Ap.102
ENSG00000155393,1316.100522679953,-1.5342272126341985,0.18664143540854222,-8.2201854549388,2.031887278644551e-16,4.5588161851770475e-14,Ap.102
ENSG00000073737,11911.021876566527,1.086799955360752,0.13428117203902953,8.093464920345406,5.799100176790052e-16,1.2844263417208325e-13,Ap.102
ENSG00000137714,861.7659213013525,-1.659304497763072,0.20510361982760414,-8.090079049593411,5.962602159528092e-16,1.30392297351908e-13,Ap.102
ENSG00000179632,3655.340153991765,-1.3868569980925907,0.17150136078743067,-8.086565562657817,6.137068770092573e-16,1.325300000901491e-13,Ap.102
ENSG00000261236,1073.3693978258686,-1.5513763896844752,0.19242223256445684,-8.062355212331305,7.483836082063633e-16,1.5961821253547078e-13,Ap.102
ENSG00000184164,2532.5630665907,-1.3527052571773146,0.16850203361738036,-8.02782748752409,9.921385598148804e-16,2.0902665560197407e-13,Ap.102
ENSG00000185115,503.57289392417505,-2.5006968588772875,0.31264460652644055,-7.998528702160106,1.2591467387083438e-15,2.62084566962956e-13,Ap.102
ENSG00000105205,108730.57334546739,1.062115494921562,0.13285845343043426,7.9943388433141305,1.3027103233139954e-15,2.6792408982824506e-13,Ap.102
ENSG00000123080,650.9759784862523,-2.079696716343932,0.26037251143860596,-7.987389701213948,1.3782587460821283e-15,2.8012703643899823e-13,Ap.102
ENSG00000100453,2935.2422591562818,3.7166287915531675,0.46745284870833415,7.950810016075327,1.8529592420223926e-15,3.722293472695216e-13,Ap.102
ENSG00000182636,538.4273028034139,-2.4676029848500565,0.3105564305939607,-7.945747509174402,1.930232317888933e-15,3.8329532786033575e-13,Ap.102
ENSG00000153234,166.62260539936474,3.9128455819004984,0.4934468102984659,7.929619769015788,2.1981787166317245e-15,4.3154244896056446e-13,Ap.102
ENSG00000164929,699.5483312737136,-2.033995975633205,0.2567226130579838,-7.922932660294336,2.319732219776666e-15,4.50288694706311e-13,Ap.102
ENSG00000197763,298.398536320051,-2.43862948813605,0.30799971206377036,-7.917635610098037,2.4206955031061005e-15,4.646659501295665e-13,Ap.102
ENSG00000159640,317.846155771041,2.3554502729522757,0.2988249528682239,7.88237478277453,3.212168509478803e-15,6.098178370302835e-13,Ap.102
ENSG00000239382,205.32211614327912,-2.9165995314108337,0.3701963681747676,-7.878520110261924,3.312811845807247e-15,6.220884505235435e-13,Ap.102
ENSG00000107372,2935.8175302439813,-1.5964977406561995,0.20299717446558008,-7.864630356847156,3.701889172989207e-15,6.876756704576509e-13,Ap.102
ENSG00000103266,1210.9181821278994,-1.5953487453552613,0.20344789321675683,-7.841559428956828,4.449852381769141e-15,8.178260611430179e-13,Ap.102
ENSG00000131724,1163.0707233028668,-1.474060786040664,0.19012561746211498,-7.7530887510957855,8.968389075369939e-15,1.630925154379906e-12,Ap.102
ENSG00000170275,6071.273818197573,-1.1338239723152277,0.14676673047295322,-7.725347349917109,1.115487451279762e-14,2.0074126258655384e-12,Ap.102
ENSG00000235162,1793.811933963378,-1.377558666770963,0.17870651712958802,-7.708497087277651,1.2730802539069844e-14,2.2673953058244395e-12,Ap.102
ENSG00000124181,395.3477456826274,-2.102691310690993,0.2729914115197949,-7.702408288176219,1.3352544729157085e-14,2.353862885111406e-12,Ap.102
ENSG00000085377,1901.7720516175873,-1.6652980097337948,0.21764700368407702,-7.651371172336646,1.9884746240390874e-14,3.4699886469595222e-12,Ap.102
ENSG00000125779,1892.726134416987,-1.2710835753059333,0.166568413175674,-7.631000086225021,2.329395240304614e-14,4.024263217150251e-12,Ap.102
ENSG00000213626,944.0042659198572,1.8302766490992812,0.24018611123478112,7.62024348406304,2.5319765570160425e-14,4.328379206043012e-12,Ap.102
ENSG00000197561,14927.542817378311,-1.1181149021808903,0.14675257681767045,-7.619047831576189,2.5555376187565826e-14,4.328379206043012e-12,Ap.102
ENSG00000186205,521.3097154125904,-2.229241447338765,0.292813204257903,-7.6131862051388275,2.6742008453741385e-14,4.485387748027536e-12,Ap.102
ENSG00000226479,506.11192945212827,-1.8729299413847746,0.24661987412679093,-7.594399875582913,3.092221342290115e-14,5.136655375904234e-12,Ap.102
ENSG00000155016,276.4026668335275,-2.462287994089632,0.32546578627443445,-7.56542806626506,3.8658940179343126e-14,6.3606842908412555e-12,Ap.102
ENSG00000258429,135.0953784519175,-3.715346301500006,0.4926122144410413,-7.542131909408187,4.62349710697991e-14,7.53542792643254e-12,Ap.102
ENSG00000183134,750.3134301428745,-1.7813540441155495,0.23711420981171186,-7.512641463074233,5.794607050187507e-14,9.355853401779381e-12,Ap.102
ENSG00000243449,263.35951067557545,-2.9056817359423044,0.3871270399590694,-7.505757635140959,6.107432465691848e-14,9.769629933082627e-12,Ap.102
ENSG00000174080,218.55233944905925,-2.653891353217572,0.35426247406459965,-7.4913137786466075,6.818758067168759e-14,1.0807418749395181e-11,Ap.102
ENSG00000143514,1508.3334486215247,-1.429284644322971,0.19295428761080022,-7.4073743684095765,1.2882442374504304e-13,2.023246131472149e-11,Ap.102
ENSG00000108561,12625.56866413183,-1.1774321311771017,0.1592533031502969,-7.393455004609156,1.4306187566397397e-13,2.226609877451184e-11,Ap.102
ENSG00000171657,391.0716151874426,2.053075234410042,0.2786608999204976,7.36764732689727,1.7366547095099946e-13,2.6787898894191668e-11,Ap.102
ENSG00000168556,740.8481427628459,-1.6228468334040709,0.22054769558312232,-7.358257945580916,1.8632574251434473e-13,2.8486402899803714e-11,Ap.102
ENSG00000133816,1751.4901662222874,1.2630141981401208,0.1721053602950416,7.338610464978694,2.1582274193055667e-13,3.270661131221313e-11,Ap.102
ENSG00000159147,1054.9325168413711,-1.772609313616743,0.2421298821886812,-7.320902722099481,2.463083485332529e-13,3.700193938487371e-11,Ap.102
ENSG00000197451,3130.620608436302,-1.459634048244806,0.20024104397317874,-7.289384929696614,3.1137324630810857e-13,4.637313968292141e-11,Ap.102
ENSG00000197046,659.5033328849977,-1.7143764121249314,0.2353346656934168,-7.284844360151948,3.220418698097111e-13,4.7552096947286916e-11,Ap.102
ENSG00000188404,25644.692843413366,-1.0381174699386395,0.1427359098092952,-7.272994380500565,3.5160495436103853e-13,5.147734908085848e-11,Ap.102
ENSG00000196415,5797.28400988884,-1.2204739290966842,0.16831530181038315,-7.2511168976877585,4.1334873067642065e-13,6.000850984172978e-11,Ap.102
ENSG00000136603,1213.3598253338093,1.4972079739363215,0.2073005790151926,7.222401312379327,5.107747088243109e-13,7.35345322470733e-11,Ap.102
ENSG00000074370,6143.865211621314,-1.0956019864280904,0.15197391676645847,-7.209144896302996,5.630432445063338e-13,8.03895462156316e-11,Ap.102
ENSG00000168010,1844.1728455254602,-1.2053607948082379,0.16761555337653194,-7.191222834199119,6.421357981168558e-13,9.09306397398918e-11,Ap.102
ENSG00000107789,6837.246664526908,1.0173121969010734,0.14167784805470177,7.180460536839108,6.947698246984897e-13,9.758409342675698e-11,Ap.102
ENSG00000162434,10182.994324661493,-1.0434721316802515,0.14595080597407836,-7.14947837880099,8.710826671586082e-13,1.2136148514380737e-10,Ap.102
ENSG00000112699,1015.9223956199285,-1.3896799514567244,0.19472172364847434,-7.1367484090551425,9.556452652175185e-13,1.320778208151828e-10,Ap.102
ENSG00000051620,1140.8560099816993,-1.5321863864929894,0.21525740921661335,-7.117926356491411,1.0956288050596123e-12,1.502228828270624e-10,Ap.102
ENSG00000073712,532.640306089926,-1.972152760363984,0.2785184537708566,-7.080869269748705,1.4325299566560996e-12,1.9486919315898247e-10,Ap.102
ENSG00000011295,4484.388692678915,-1.2765688208793995,0.18088442266450613,-7.057372890793945,1.6967985292402538e-12,2.290147764933955e-10,Ap.102
ENSG00000168209,2401.346593846853,1.1803889225382536,0.16781732695453708,7.033772638137833,2.0102259760083716e-12,2.692144493141134e-10,Ap.102
ENSG00000175416,1235.8970302157995,-1.7178253563662176,0.24501089252708277,-7.01122035289241,2.3624830775135317e-12,3.116471341661323e-10,Ap.102
ENSG00000136048,2650.4914886972206,-1.105128269578368,0.15762655730927236,-7.011053774460371,2.3652979566889004e-12,3.116471341661323e-10,Ap.102
ENSG00000167768,15761.02894552729,-1.1766770509245217,0.16785412422639792,-7.010117006940179,2.3811890316004555e-12,3.116471341661323e-10,Ap.102
ENSG00000134986,2332.9443863604683,-1.3149906491326435,0.188549319442898,-6.974252959480384,3.0750036403646636e-12,3.994267886536837e-10,Ap.102
ENSG00000137501,1617.7502112708294,-1.2040384017366514,0.17285940765248922,-6.965420153221918,3.274250864814579e-12,4.22134014481617e-10,Ap.102
ENSG00000151553,1437.503232331241,-1.268559732389359,0.18219361445732601,-6.962701388672901,3.338089000418136e-12,4.2717648571276827e-10,Ap.102
ENSG00000103174,1257.4551814470965,-1.2778722055898977,0.18432850140660428,-6.932580668960578,4.132317590881686e-12,5.24925872794647e-10,Ap.102
ENSG00000070610,2201.630632180955,-1.1296095005112443,0.16359471493879002,-6.904926610458625,5.022938842551279e-12,6.334035871818678e-10,Ap.102
ENSG00000118849,232.9520972018228,-2.3569903175981857,0.34165928170133353,-6.898657357883763,5.249631910233619e-12,6.571930498637392e-10,Ap.102
ENSG00000198336,693.2087786242854,1.5050130115410798,0.21916807169427555,6.86693549797924,6.559571022362462e-12,8.152744531103158e-10,Ap.102
ENSG00000026297,4688.085843012921,1.0289708927247114,0.15011370067119095,6.854610126350621,7.150726725767642e-12,8.823996779597271e-10,Ap.102
ENSG00000116604,725.5004986291732,-1.4765675530290097,0.2157070518453412,-6.845244698294273,7.634525879594927e-12,9.35418929758028e-10,Ap.102
ENSG00000122299,2305.023009630078,-1.4572957047838087,0.21388309630960142,-6.8135150927230574,9.524236120223945e-12,1.1587373465703442e-9,Ap.102
ENSG00000165209,1809.5907904633561,-1.4560736066734419,0.2158792180606392,-6.744853069944136,1.5318195829470636e-11,1.8506094486009422e-9,Ap.102
ENSG00000167208,3610.0498512355334,-1.0390647053990796,0.1543309037410242,-6.7327066725578675,1.6653558627068563e-11,1.9979644363974757e-9,Ap.102
ENSG00000162722,917.6425508047998,-1.4724761124893206,0.22067311030348766,-6.672657626768624,2.512119933682639e-11,2.9725605461850187e-9,Ap.102
ENSG00000166123,942.1622342513626,-1.4717353764209467,0.22060432820926149,-6.671380332233934,2.5340854370348818e-11,2.9781537421914705e-9,Ap.102
ENSG00000174749,880.3545211288958,-1.426471996559658,0.2139464996654234,-6.667423859658475,2.6033243988210354e-11,3.038853534731906e-9,Ap.102
ENSG00000157557,2121.110510487299,-1.1628878312807096,0.17465234493740608,-6.6583007041644855,2.770115810867387e-11,3.190434716569665e-9,Ap.102
ENSG00000100304,1772.5073688683628,-1.2215007670353994,0.18404574471263999,-6.6369410982176795,3.2025954744438513e-11,3.6641085706286078e-9,Ap.102
ENSG00000148468,261.84014883669573,2.313609413189982,0.34948539447631755,6.620046072760162,3.590869327642815e-11,4.081306480549821e-9,Ap.102
ENSG00000115461,288.1946631453873,2.1473491054868146,0.3259881067205227,6.5872007635167735,4.481960633556368e-11,5.027944928916871e-9,Ap.102
ENSG00000116741,1018.2618250582426,1.2820242752064952,0.19546785082075055,6.558747486215251,5.426159487888076e-11,5.970849128200917e-9,Ap.102
ENSG00000095794,1426.0607050103956,1.1901100267622156,0.18153262109418639,6.555901741454716,5.530664037578487e-11,6.047326070456072e-9,Ap.102
ENSG00000204866,192.25042193784935,2.551718902586418,0.39065673726962485,6.531869693124642,6.495365806294521e-11,7.057480482361268e-9,Ap.102
ENSG00000171522,671.1747685743492,-1.4509732447501045,0.2231995544610475,-6.500789162656355,7.989974764869235e-11,8.627175252367555e-9,Ap.102
ENSG00000169507,109.46679285427581,-3.2781106206832877,0.506276547307892,-6.474940698151094,9.484918537299248e-11,1.0177729978284583e-8,Ap.102
ENSG00000138802,2675.2271751377466,-1.0221136475584842,0.15854693252202676,-6.446757633841217,1.1426829704885258e-10,1.2111037422183909e-8,Ap.102
ENSG00000274523,1678.466750327519,-1.1973459239412718,0.18661554661694651,-6.416110263305046,1.398002089545382e-10,1.4726758596942693e-8,Ap.102
ENSG00000137842,663.669411495052,-1.4242585637322318,0.2224600494461293,-6.402311638778669,1.530418809231924e-10,1.602394869593377e-8,Ap.102
ENSG00000148459,821.7764045038077,-1.384166909355543,0.2165441909424624,-6.3920759237698865,1.6364860026677967e-10,1.703128444704148e-8,Ap.102
ENSG00000138080,778.2423629636388,-1.4552598510946344,0.22797196450579432,-6.383503577948272,1.7308154975515833e-10,1.7826758600232018e-8,Ap.102
ENSG00000124491,9031.019171234304,-1.1662234929730328,0.1827002618198952,-6.383261202562965,1.7335583727940375e-10,1.7826758600232018e-8,Ap.102
ENSG00000104267,2893.292809089579,1.0494181100453317,0.16459548162114487,6.3757406929359925,1.820807788226701e-10,1.8613180680120996e-8,Ap.102
ENSG00000005381,208880.25437219426,-1.289231804998158,0.20238097577846173,-6.370321123510284,1.886328280383735e-10,1.9169533748182004e-8,Ap.102
ENSG00000137841,1345.6798598615405,-1.4948545642574051,0.23506056410152534,-6.3594442988393425,2.0248493889496817e-10,2.0456899440640178e-8,Ap.102
ENSG00000069535,2823.8555289697556,-1.2261299144486246,0.19295662587898954,-6.354432810291663,2.0919705870124984e-10,2.1012141779783675e-8,Ap.102
ENSG00000170412,356.5056126214316,1.7814769970090651,0.28078473343193366,6.344636245833933,2.2295160070801846e-10,2.2264230368969518e-8,Ap.102
ENSG00000148655,886.722525603908,-1.2817341866903096,0.20221153321099009,-6.33858102125625,2.3189088769573302e-10,2.3023833194433814e-8,Ap.102
ENSG00000151292,1093.833956745875,-1.2022906938545577,0.18990304277554812,-6.331076512952874,2.434565723735529e-10,2.4034032824717145e-8,Ap.102
ENSG00000168386,2185.1836940852727,1.0553507215662952,0.16675749610591287,6.328655360092533,2.4730677760805364e-10,2.4275408465663263e-8,Ap.102
ENSG00000171310,3322.3892864225086,-1.09412422049512,0.17307289509887452,-6.321753731975534,2.586113012753611e-10,2.5241631869113773e-8,Ap.102
ENSG00000100439,2512.9741900202916,1.0807357537415838,0.17143947646906435,6.303890889077691,2.9026487118615825e-10,2.8014614048112122e-8,Ap.102
ENSG00000133315,167.76556869011804,-2.4874680454208526,0.3955276070895596,-6.288987167607781,3.1954388018958936e-10,3.0669111523085257e-8,Ap.102
ENSG00000144647,540.3532434750158,-1.501571344523414,0.23969270222363745,-6.264568468682129,3.73859267244637e-10,3.548787198306785e-8,Ap.102
ENSG00000228300,275.13489682522714,-1.9700630156560197,0.3151069347491265,-6.252045887928466,4.0511031655514636e-10,3.824418485686726e-8,Ap.102
ENSG00000249242,749.8712839388799,-1.4057912607787575,0.22527215953718088,-6.240412768568206,4.364177189793829e-10,4.097582887547728e-8,Ap.102
ENSG00000138795,483.1337579570972,-1.5507943996095805,0.2486573869083782,-6.23667134482112,4.469796838105771e-10,4.174065414871097e-8,Ap.102
ENSG00000161999,993.9773954310547,-1.252016645713774,0.20083075649532023,-6.234187768659571,4.5412811460572115e-10,4.196722973733206e-8,Ap.102
ENSG00000137801,1276.7881970401543,4.808159648913615,0.7712626026934695,6.234140786966913,4.542644107942287e-10,4.196722973733206e-8,Ap.102
ENSG00000157954,1258.1221079726772,-1.4959801500945604,0.24064403058298978,-6.216568707191134,5.081439381308394e-10,4.669518444227863e-8,Ap.102
ENSG00000112977,6389.065700956732,-1.162283704184043,0.18703574450787025,-6.214233045358533,5.157593517609987e-10,4.714422519059796e-8,Ap.102
ENSG00000131148,1820.75753021438,-1.1631209010044194,0.18759799757672405,-6.2000709817210335,5.643770116971682e-10,5.104804845068208e-8,Ap.102
ENSG00000136542,186.74817259553595,2.3264045846991865,0.3756590942764441,6.192861081082218,5.908179899129552e-10,5.316131038404279e-8,Ap.102
ENSG00000149295,629.2167677261984,1.5962277113703291,0.25824555043091363,6.181046328607916,6.367812405803639e-10,5.700016949360812e-8,Ap.102
ENSG00000109787,1133.1517265114535,-1.1958694586023828,0.19372114462995127,-6.1731488366267335,6.694313761853968e-10,5.961389925246864e-8,Ap.102
ENSG00000163513,1677.316794658332,-1.0538604118600277,0.1715557173417802,-6.142962928833695,8.099619202634271e-10,7.17584724844665e-8,Ap.102
ENSG00000091542,1666.0794114845685,-1.3360416003417583,0.21778617191295876,-6.134648442582138,8.534771877053517e-10,7.522791783060028e-8,Ap.102
ENSG00000142615,57.989059072915076,5.376519933183642,0.8780893812900291,6.122975687605772,9.184371343031466e-10,8.054274077269626e-8,Ap.102
ENSG00000184574,3290.2625727832456,1.0846297190161198,0.17752830327491229,6.109615757080218,9.9871296013169e-10,8.714022777391452e-8,Ap.102
ENSG00000168924,1361.922385328317,-1.1141698664094315,0.18286806056104443,-6.092752681857764,1.1098546129392512e-9,9.635099644793218e-8,Ap.102
ENSG00000107281,241.6836863733895,-2.5364883205133064,0.4164983950783231,-6.09003143946405,1.128885162213824e-9,9.75131003120301e-8,Ap.102
ENSG00000221955,543.9219205165863,1.4434280760108626,0.23769985862298287,6.072481844847423,1.2594834176644407e-9,1.0825291305259144e-7,Ap.102
ENSG00000188986,367.46046314389304,-1.947796516573752,0.3219992925010363,-6.0490707959163705,1.4568363443243869e-9,1.2459556774528767e-7,Ap.102
ENSG00000204131,1926.471149742807,-1.0398359618021846,0.17224014364105864,-6.037128974817624,1.5688033271529884e-9,1.3335813318922316e-7,Ap.102
ENSG00000134830,825.9879428646676,1.518408778929198,0.25163762210695345,6.0341087561375435,1.5984239146892135e-9,1.3409930942517724e-7,Ap.102
ENSG00000213533,156.7883195431359,-2.6761980809423447,0.44351607625193384,-6.0340497768612185,1.5990077414671518e-9,1.3409930942517724e-7,Ap.102
ENSG00000076604,293.709648394674,-1.9437805403023403,0.32277142678135096,-6.022158032033856,1.7210672621343511e-9,1.4294787509919737e-7,Ap.102
ENSG00000233093,100.44629368026969,3.1477554889916037,0.5246649990246532,5.999553038306821,1.978613953029142e-9,1.635527973805333e-7,Ap.102
ENSG00000186522,235.47202219182427,2.0587606456733325,0.34352734129310253,5.993003753132907,2.0600009539602035e-9,1.694694118124594e-7,Ap.102
ENSG00000144485,193.0974067826889,-2.269226092334282,0.3815377717030716,-5.947579140605474,2.7213720171708616e-9,2.217661460785085e-7,Ap.102
ENSG00000104687,5524.561705937428,-1.0012266670789565,0.16875586063486236,-5.9329890133138194,2.974687633312942e-9,2.4127090870006754e-7,Ap.102
ENSG00000174428,289.5353699188133,-2.0214005919835856,0.3412703488411118,-5.923165018138469,3.1580365714646277e-9,2.549450458346865e-7,Ap.102
ENSG00000188486,987.5181378725973,-1.30611578446617,0.2205637446197202,-5.921715677787747,3.186001079934918e-9,2.5600630073002625e-7,Ap.102
ENSG00000117385,4595.495565484586,-1.0453478604275432,0.17688548096890164,-5.909743720635424,3.426403813002342e-9,2.727859551770897e-7,Ap.102
ENSG00000130734,393.8618229102001,-1.5875970834752808,0.269003566736049,-5.901769640969328,3.5962306806299876e-9,2.849930332044205e-7,Ap.102
ENSG00000211899,881.6417832879736,-1.2511103748346903,0.2124831955857871,-5.888043858647505,3.907934235548012e-9,3.082806933941893e-7,Ap.102
ENSG00000174574,4043.1446345313193,-1.0083551549769987,0.1716989440493284,-5.872809297460225,4.284712715374134e-9,3.349443297321427e-7,Ap.102
ENSG00000188820,339.9060562148607,-1.7241426785289344,0.2944670985588407,-5.855128423403182,4.7664155546974565e-9,3.7092159965294257e-7,Ap.102
ENSG00000108960,1741.6160227399957,1.0068320483190123,0.17201435040212684,5.853186353146054,4.822432536794508e-9,3.735979574244929e-7,Ap.102
ENSG00000158477,437.3995688388922,1.9858452759230556,0.33971809008199183,5.845568234072453,5.048419415629699e-9,3.8762886144186075e-7,Ap.102
ENSG00000147180,1140.7201745964317,-1.103852831296029,0.1890962860336541,-5.837517248221219,5.298441110391469e-9,4.0502596735895144e-7,Ap.102
ENSG00000106785,1320.781123470611,-1.054491832081343,0.18123199419019292,-5.818463990274876,5.939085061126946e-9,4.500159364738119e-7,Ap.102
ENSG00000162227,247.22059630605085,-2.401205295624011,0.4130027506592532,-5.814017683395816,6.099096711434258e-9,4.601222479770229e-7,Ap.102
ENSG00000170293,108.05874160399922,-2.900026352435665,0.4990986985077263,-5.810526777782754,6.22765701457893e-9,4.657532579388121e-7,Ap.102
ENSG00000103353,1242.2543945354846,-1.1577873577052311,0.20039354047634178,-5.777568253712839,7.578798125505573e-9,5.595355402403174e-7,Ap.102
ENSG00000178202,1927.7270021439374,-1.006128628630214,0.17418804160620327,-5.776106208856896,7.644912699806149e-9,5.620036850056149e-7,Ap.102
ENSG00000115267,323.5228016541119,-2.06919790112657,0.35892894741565784,-5.764923436867115,8.169491939100899e-9,5.955111508012959e-7,Ap.102
ENSG00000175274,5472.896946357179,-1.0529062351064042,0.18313995573877945,-5.749189087979308,8.967248730935589e-9,6.509167608220304e-7,Ap.102
ENSG00000137491,718.6867586534513,1.2933654980798326,0.2252661081116508,5.741500614192657,9.384121843630813e-9,6.783267320944181e-7,Ap.102
ENSG00000164543,1182.6089387860718,-1.085065281895693,0.1896144635187958,-5.722481617485548,1.0497920629991002e-8,7.55675320015519e-7,Ap.102
ENSG00000145901,1755.231743820413,1.0705305306713202,0.187349856993676,5.714071779128478,1.1030443555402055e-8,7.90713455863593e-7,Ap.102
ENSG00000109906,1343.7399024805798,1.0320964601405227,0.1806838925470221,5.712166400621044,1.1154693483126779e-8,7.963160521260258e-7,Ap.102
ENSG00000171517,174.83521625297055,-2.2608821991907035,0.39888480422671335,-5.668007843953089,1.444673535613157e-8,1.0270855967593785e-6,Ap.102
ENSG00000179934,1130.642189913266,-1.1133361255033591,0.19692956104344644,-5.653473859405677,1.5723703455829332e-8,1.1132897577988012e-6,Ap.102
ENSG00000171345,677.1358465211459,1.3365468860322607,0.23650780725200043,5.6511744857883794,1.5935522802208987e-8,1.1236820078814794e-6,Ap.102
ENSG00000277734,86.97990561333701,3.190942097473984,0.5700894093822139,5.597266051533737,2.177584052772794e-8,1.5230745787733923e-6,Ap.102
ENSG00000165102,939.6183652909731,-1.1447457189084853,0.20465275009104522,-5.593600469083434,2.2240842669957907e-8,1.5493257982507774e-6,Ap.102
ENSG00000106635,1719.5410266131428,-1.1909436166465812,0.2134328177236227,-5.579946089587552,2.4059314267808718e-8,1.6625948531626537e-6,Ap.102
ENSG00000077585,402.2809649207408,-1.483031327995022,0.2663221231899991,-5.568562274253875,2.568498318957872e-8,1.7678636238372988e-6,Ap.102
ENSG00000171509,342.7726517759621,1.6968700185354875,0.3063443954173369,5.539092746331526,3.040426039179337e-8,2.076142302484673e-6,Ap.102
ENSG00000100239,1489.5995399404671,-1.0568513887346271,0.1911369976568815,-5.529287378636281,3.2153424508338485e-8,2.1869392197088804e-6,Ap.102
ENSG00000156575,1099.705865267172,1.2732118283888876,0.23243514581253308,5.477707873902068,4.3087068964224014e-8,2.8963898965989655e-6,Ap.102
ENSG00000160883,973.4074958522314,1.0778945350907343,0.20071283446352153,5.37033188720493,7.859186821920984e-8,5.176290549228121e-6,Ap.102
ENSG00000124098,326.2569169823966,-1.8013221447943488,0.33594997827849943,-5.361876056741607,8.236204650541993e-8,5.389722406922859e-6,Ap.102
ENSG00000196363,752.3378839910494,-1.2679356142464393,0.23654589500336493,-5.360209756455095,8.312537841441956e-8,5.419147311273632e-6,Ap.102
ENSG00000183695,294.5055847360448,-1.635142114787387,0.3052505103206612,-5.35672196934149,8.474537253554236e-8,5.483374741288502e-6,Ap.102
ENSG00000156113,408.10214603255645,-1.660658161368381,0.31108397640422003,-5.338295403587535,9.382450293338366e-8,6.048179524914687e-6,Ap.102
ENSG00000139974,1437.88501278048,1.0435683193320606,0.19711609812454886,5.2941810905402376,1.1955091977929946e-7,7.621260849103976e-6,Ap.102
ENSG00000135324,281.645710927048,1.66193347636566,0.3140758240461792,5.291503990836628,1.2131454275187806e-7,7.705257502137667e-6,Ap.102
ENSG00000119537,1218.6840201166895,-1.050656702975869,0.19876881083621747,-5.285822753357389,1.251410193021375e-7,7.919180400966036e-6,Ap.102
ENSG00000127074,189.2935441283197,-1.9466454921170022,0.36842660768297264,-5.283672382837428,1.266196051555724e-7,7.983504739663024e-6,Ap.102
ENSG00000107854,1661.344728939541,-1.0385486303537506,0.19666896855417865,-5.280693939611778,1.2869551685631597e-7,8.084886360762599e-6,Ap.102
ENSG00000090104,177.5802246074421,2.0358324005931943,0.3877166830900982,5.250824866156467,1.5141959582112946e-7,9.418866597445698e-6,Ap.102
ENSG00000166189,397.0784475236562,-1.4209149195447959,0.2706170835378089,-5.250647523685528,1.515654615703811e-7,9.418866597445698e-6,Ap.102
ENSG00000008130,1133.2046373933874,-1.0122012608480342,0.19359048706877688,-5.22856921419093,1.7082688180025414e-7,1.0540018607075681e-05,Ap.102
ENSG00000102974,2327.849999058949,-1.011806531727031,0.1937246548858377,-5.222910487688263,1.7613254447064077e-7,1.0828704050799964e-5,Ap.102
ENSG00000154217,520.0073196819186,-1.385503816567409,0.26610298319135633,-5.206645186578327,1.922852580029981e-7,1.1696901821337306e-5,Ap.102
ENSG00000125898,254.81528864449086,-1.752428847683706,0.3379618801440517,-5.185285532607278,2.156841616244482e-7,1.2983134411930199e-5,Ap.102
ENSG00000013583,952.6538941457575,-1.0807852262453816,0.2087088662317455,-5.178434657612018,2.237554177050358e-7,1.3422217348167357e-5,Ap.102
ENSG00000077782,254.76570019086938,-1.6712722753914573,0.32290263012044257,-5.175777833609077,2.269634048426924e-7,1.3567542498485654e-5,Ap.102
ENSG00000175573,356.19653018535706,-1.8236213450184646,0.3546437918031416,-5.1421211569684955,2.7165383254129477e-7,1.6127462580699e-5,Ap.102
ENSG00000111335,587.5628490088739,-1.3958492887590932,0.27210426665197796,-5.129832420247889,2.9000022991561886e-7,1.708425867684394e-5,Ap.102
ENSG00000112294,512.2721646031016,-1.3398757852162213,0.2612172187550473,-5.129354763066637,2.9073697910350305e-7,1.708425867684394e-5,Ap.102
ENSG00000254470,779.0989440749535,-1.1463377290017873,0.22465917190440313,-5.102563671380292,3.3508295569644736e-7,1.955707142774265e-5,Ap.102
ENSG00000167799,68.43689256995889,-3.2923336518802335,0.6456118451696587,-5.099555834535609,3.4045143400679916e-7,1.980349822862445e-5,Ap.102
ENSG00000163704,188.14910975485242,-1.9182829009144744,0.377613193410483,-5.080020863649254,3.773934188671949e-7,2.1732829014498865e-5,Ap.102
ENSG00000104154,329.66899767153916,-1.682738743438465,0.3313040144703727,-5.079137800755342,3.791516320595405e-7,2.1761540184254556e-5,Ap.102
ENSG00000025708,745.5550865416152,-1.0960494794871727,0.2179810156981513,-5.028187780374988,4.951368863956721e-7,2.8045851965152886e-5,Ap.102
ENSG00000163958,270.38059696142756,1.5817605875577627,0.3155075039155172,5.013385000127628,5.348073629157808e-7,3.0193895430500093e-5,Ap.102
ENSG00000174915,453.31190192808407,-1.2995021888922074,0.2595007161914607,-5.007701743425746,5.508380309172261e-7,3.0997647629074915e-5,Ap.102
ENSG00000142694,97.48207677499977,-2.7475172600587303,0.5500762116900344,-4.9947938152376326,5.889865880174978e-7,3.2929877976020366e-5,Ap.102
ENSG00000239857,202.8197040600626,-1.819828412875179,0.3645876525579889,-4.9914702270004305,5.992142041267108e-7,3.3393627711267923e-5,Ap.102
ENSG00000066336,704.1213183773134,-1.0910668790914106,0.21865342766049164,-4.989937229731134,6.039891589497752e-7,3.355150067529362e-5,Ap.102
ENSG00000137764,681.5192021629007,-1.08865316390761,0.21924419654629343,-4.965482238786379,6.85305650657914e-7,3.7704905798618224e-5,Ap.102
ENSG00000237854,547.3744566371879,-1.1909431247347997,0.24033558400082677,-4.955334141159483,7.220609366152217e-7,3.945954835594562e-5,Ap.102
ENSG00000127951,461.2462320475039,1.2642737434318747,0.25516143708562866,4.954799431575555,7.240493649476015e-7,3.945954835594562e-5,Ap.102
ENSG00000127415,85.37134028545466,-3.2308190301483037,0.6524293504652235,-4.951982966193236,7.346103598502326e-7,3.990920936092019e-5,Ap.102
ENSG00000187800,245.6864227255191,1.6128678621968038,0.32594507311920307,4.948281152901346,7.48717085786334e-7,4.0548076407663656e-5,Ap.102
ENSG00000107731,196.35268572827994,1.9128506666466527,0.38790670098891566,4.931213257647003,8.17204584693138e-7,4.38448025004927e-5,Ap.102
ENSG00000164897,404.42572529437314,-1.3005693580351245,0.2649775303320815,-4.9082250725380145,9.190434815617473e-7,4.811331874988105e-5,Ap.102
ENSG00000136717,597.7199069701979,-1.1288218654448563,0.23041134265769564,-4.899159270652139,9.62476023272625e-7,5.023485129322619e-5,Ap.102
ENSG00000151240,111.04817339562132,-2.6908692804295806,0.5515511535076809,-4.8787302198835985,1.0677098712948448e-6,5.522681358230461e-5,Ap.102
ENSG00000169429,76.06047430523691,2.8911410682244396,0.5948844915741576,4.860004100248147,1.1738332172570734e-6,6.0354591253967856e-5,Ap.102
ENSG00000101333,373.6436220215359,-1.430245351102001,0.29446799007113117,-4.857048641370199,1.1914833289568347e-6,6.085313758985206e-5,Ap.102
ENSG00000072182,194.76867313498502,1.8990346889507541,0.39102025428481857,4.856614633490316,1.1940966452280532e-6,6.085313758985206e-5,Ap.102
ENSG00000185634,198.17845700198527,1.7422993991646325,0.3588208193970529,4.855625161584318,1.2000752426189424e-6,6.097794085730838e-5,Ap.102
ENSG00000147689,788.5605407225423,1.1846753706062605,0.2440766526197299,4.853702137795122,1.211777034054684e-6,6.133231734137974e-5,Ap.102
ENSG00000250722,408.6590923458796,-1.297248448409102,0.2673343151970243,-4.85253248335529,1.2189481051592526e-6,6.13951821129191e-5,Ap.102
ENSG00000100678,915.9424309541582,-1.0141527572517706,0.2095122838612526,-4.840540795800703,1.2948626998184663e-6,6.484071884656181e-5,Ap.102
ENSG00000069482,366.5441253891153,-1.365677158164436,0.28285439434011816,-4.828198484773329,1.3777373779663423e-6,6.859305746901017e-5,Ap.102
ENSG00000136802,997.9024544594708,-1.04935762297101,0.21739920154474743,-4.82686971945948,1.386957868766829e-6,6.885369005981533e-5,Ap.102
ENSG00000143248,200.18970227551114,-1.8297716744258627,0.3807332626771278,-4.8059149378223855,1.5404538858231223e-6,7.603680380422931e-5,Ap.102
ENSG00000197119,736.8906534626443,-1.0254764806843968,0.2134791633487506,-4.803637341453907,1.5580892773572045e-6,7.668817765134776e-5,Ap.102
ENSG00000125648,247.8907426040559,-1.974502692806417,0.41148134176654816,-4.798523024955627,1.5983993563751837e-6,7.844871386573202e-5,Ap.102
ENSG00000171763,371.2003330291866,-1.3143107937967409,0.27397949728198207,-4.79711367761231,1.6096825833199951e-6,7.877868642899783e-5,Ap.102
ENSG00000075035,672.8633649792075,-1.0555320874031435,0.2203138995441906,-4.791037195505791,1.6592136116277453e-6,8.074527987177726e-5,Ap.102
ENSG00000131584,124.61361456582692,-2.248168838108273,0.4694260105668448,-4.789186767460004,1.6745856923984566e-6,8.126444500526892e-5,Ap.102
ENSG00000088766,666.3382499533534,-1.3060637470111993,0.273771004736081,-4.770643071826626,1.8363869477287754e-6,8.861849415911263e-5,Ap.102
ENSG00000124107,248.83314146888114,-1.5640998542124989,0.3288557948241854,-4.756187602072531,1.9728314672894277e-6,9.493770593006171e-5,Ap.102
ENSG00000100721,75.80378120066402,-2.9507030685507694,0.6210969459062847,-4.750793073447171,2.026203955840963e-6,9.710605965761659e-5,Ap.102
ENSG00000135956,1157.4807516723745,-1.06657648511,0.22451873365650515,-4.750501072849326,2.02913217969435e-6,9.710605965761659e-5,Ap.102
ENSG00000106366,175.07427289203227,1.8148332330023509,0.3824431060758567,4.745367883928814,2.081277218282103e-6,9.913416243879029e-5,Ap.102
ENSG00000102871,501.1598991971069,-1.2006932270746677,0.25303313433930896,-4.745201572947274,2.082988016050062e-6,9.913416243879029e-5,Ap.102
ENSG00000182108,103.44956341902916,-2.481598472859398,0.5233163956004655,-4.742061387188058,2.115544944042377e-6,1.004070177287805e-4,Ap.102
ENSG00000167419,401.5161899687984,-1.2981074119977571,0.27499260926637326,-4.7205174548539865,2.352454193508107e-6,1.1043749632349474e-4,Ap.102
ENSG00000085733,228.03908600904447,1.6001746175506741,0.3404272582348796,4.700489102569527,2.5953910687236753e-6,1.2085707844547228e-4,Ap.102
ENSG00000184602,534.3180105158638,-1.2348210295049373,0.26294730711185565,-4.696077868482047,2.652044747571436e-6,1.231632394060326e-4,Ap.102
ENSG00000040933,1096.844441859016,-1.0948432768703156,0.23321893897380436,-4.694486998730796,2.6727660803583816e-6,1.2379277963611636e-4,Ap.102
ENSG00000041515,238.08419112444267,-1.9576930948585107,0.41792387990694946,-4.684329345560225,2.8087806988800763e-6,1.2974463998356205e-4,Ap.102
ENSG00000136158,207.28155188928275,1.6910173320304052,0.3623529146566464,4.666768952673548,3.0597305839592807e-6,1.4021195111002795e-4,Ap.102
ENSG00000050393,1433.2894060318374,-1.0458229082105563,0.22423808438556,-4.663895123240283,3.1027955699347755e-6,1.4180924938146343e-4,Ap.102
ENSG00000134955,248.83671636028268,1.9807702813606083,0.4278966813705456,4.629085402149499,3.672842835291041e-6,1.635361670682681e-4,Ap.102
ENSG00000133048,236.80816978907342,-1.844575263251539,0.40067117003791386,-4.603713471765374,4.150233661944109e-6,1.833745185262057e-4,Ap.102
ENSG00000121552,377.2552689698032,-1.2612887074398171,0.27418824616630944,-4.600083063643727,4.223225054571064e-6,1.8564996448541907e-4,Ap.102
ENSG00000223509,215.5629728853263,-2.0104290629526065,0.4377069875805189,-4.593093370671346,4.3672354074920115e-6,1.9149329670008122e-4,Ap.102
ENSG00000151789,246.86715397718285,-1.5615658827445849,0.3403222002180539,-4.588492557182711,4.464582223602107e-6,1.9526613289860758e-4,Ap.102
ENSG00000196781,355.2375992512728,-1.5869599569319068,0.3471745037042151,-4.571072875455052,4.852334848879971e-6,2.1115601221473646e-4,Ap.102
ENSG00000173950,723.87673156732,-1.1501607599099506,0.2523460050612556,-4.557871877665571,5.1674542436775e-6,2.2374170304203633e-4,Ap.102
ENSG00000140450,333.15820719112327,-1.5867781803421137,0.34822883159956114,-4.556711094407019,5.1960815912847275e-6,2.2441876392758736e-4,Ap.102
ENSG00000134463,281.8528617875522,-1.5320601440521657,0.33698611362716396,-4.546359870921009,5.458168019044023e-6,2.3456544949503616e-4,Ap.102
ENSG00000167550,534.2483884607988,1.0854835241893812,0.23894983002736567,4.542725659461932,5.553150048066878e-6,2.3746589165941432e-4,Ap.102
ENSG00000253293,639.4269482206455,-1.0146925948846548,0.22354097631166447,-4.539179400692756,5.647357353033809e-6,2.4089813736052364e-4,Ap.102
ENSG00000163710,194.36399336727277,-1.6499444966332952,0.36452131803462723,-4.526331972926096,6.001627653970631e-6,2.528880959756015e-4,Ap.102
ENSG00000165029,687.7627097912793,1.0549704965698536,0.23317012771369353,4.52446677845988,6.054796232530475e-6,2.538899507601856e-4,Ap.102
ENSG00000005243,202.0736683469372,-1.7018262340103367,0.3777691559285473,-4.504936962964299,6.639264809560793e-6,2.7572100685089484e-4,Ap.102
ENSG00000173846,417.4299932895348,-1.5647485936703809,0.34816688061964957,-4.494248823683406,6.981595553788642e-6,2.8649416814074247e-4,Ap.102
ENSG00000254275,34.93881711320938,4.462805301061496,0.9950717914294195,4.484907862427375,7.294544843587627e-6,2.9375421146344953e-4,Ap.102
ENSG00000182621,385.26296492482675,-1.2335835918315128,0.2757722726000281,-4.473196598777229,7.705886758161864e-6,3.0887911748028854e-4,Ap.102
ENSG00000186049,97.07344240433338,-2.2403514255630665,0.5032318989267827,-4.451926498182948,8.510329904407196e-6,3.37987263054112e-4,Ap.102
ENSG00000154822,912.7407791074625,-1.0753852099792058,0.241790053274625,-4.447599044770398,8.68354233371354e-6,3.4407540678264934e-4,Ap.102
ENSG00000205664,254.64454412406997,-1.4618970012042962,0.3288965341416781,-4.444853774514261,8.795166769019318e-6,3.477009178525806e-4,Ap.102
ENSG00000127511,444.5612581989844,-1.1632689168513817,0.2618201149848375,-4.443008196366994,8.870978508255603e-6,3.498973166863557e-4,Ap.102
ENSG00000124209,1307.2512930955438,-1.0525645635606855,0.2370093677758839,-4.4410251520353015,8.95313282685174e-6,3.52333309149637e-4,Ap.102
ENSG00000198355,166.4565398525138,-1.7617702160840574,0.3974360294879609,-4.4328397160012,9.300000423575363e-6,3.6432382611720633e-4,Ap.102
ENSG00000088320,36.31120921235918,7.169248438251874,1.6268423327512747,4.406848957592235,1.0488527275716094e-5,4.062775722315499e-4,Ap.102
ENSG00000154027,314.208246652917,1.3090225660848676,0.2971431255405038,4.405360425901671,1.056081337306494e-5,4.075892822137575e-4,Ap.102
ENSG00000131242,409.4684713763525,-1.3976786918493727,0.3190641306906082,-4.38055725293885,1.1837618305880127e-5,4.514496553032783e-4,Ap.102
ENSG00000123358,121.22487510903838,1.964095603030222,0.44866339765397156,4.3776595400924965,1.199605453027296e-5,4.5648422481276574e-4,Ap.102
ENSG00000116096,265.68476011446774,-1.4499947319921493,0.33143137754358437,-4.374947063669221,1.2146195027213458e-5,4.6017031861872736e-4,Ap.102
ENSG00000121057,1053.6775350224054,-1.066807943675119,0.24472719538537177,-4.359172024160278,1.3055545843348122e-5,4.91389128517826e-4,Ap.102
ENSG00000184557,552.0270030344864,-1.052028592660785,0.24141259413518404,-4.357803272151077,1.3137438776683806e-5,4.933965050130204e-4,Ap.102
ENSG00000249741,75.44991967693947,-2.4844581074508842,0.5715417338759474,-4.346940844726019,1.3804943161815116e-5,5.139961165162025e-4,Ap.102
ENSG00000101200,44.00708511933412,-3.509788886932336,0.8075196101227594,-4.346382233861512,1.3840130418577105e-5,5.141980497018024e-4,Ap.102
ENSG00000167685,542.4954189953647,-1.0250097908084366,0.23679865024344296,-4.328613316649678,1.500511225469393e-5,5.550927608395981e-4,Ap.102
ENSG00000129116,370.03093792442485,-1.1828002517515368,0.2740213914090967,-4.316452250932813,1.5855695985333964e-5,5.815775028505935e-4,Ap.102
ENSG00000130203,67.60231925046446,-2.664562601023985,0.6181021894687644,-4.310877143654961,1.626082355647373e-5,5.951737028848308e-4,Ap.102
ENSG00000108846,141.9981443395975,1.8036931139694168,0.41867042192328285,4.308145547238886,1.6462904202652902e-5,6.012962642812506e-4,Ap.102
ENSG00000187068,162.30596051654885,-1.6916081102941016,0.39274991937201104,-4.307087097557919,1.6541848784185924e-5,6.029050202438735e-4,Ap.102
ENSG00000220008,47.427947624839746,-3.8356341924238126,0.89083080895945,-4.305682014864405,1.664720454624994e-5,6.051698374537077e-4,Ap.102
ENSG00000271303,32.053709514010855,-4.475634423187185,1.0396914660508874,-4.304771722506499,1.6715801021805338e-5,6.054133720182578e-4,Ap.102
ENSG00000265282,53.343857263058496,2.961159081602256,0.6930296378205812,4.272774092193835,1.9305602219152017e-5,6.919576430250421e-4,Ap.102
ENSG00000168246,477.07037189200344,-1.0588685963400564,0.24863490796168902,-4.25872861144346,2.0559289038307158e-5,7.278325357085952e-4,Ap.102
ENSG00000114805,328.2758161935325,-1.2212039253077354,0.2872071021501887,-4.251997656621783,2.1187207806751264e-5,7.485280205918913e-4,Ap.102
ENSG00000262406,80.98494539950512,2.980166562780185,0.7023937983592945,4.242871405957011,2.2067789973645856e-5,7.780472236422568e-4,Ap.102
ENSG00000145248,65.42246019175313,-3.1035190822171264,0.733319826665353,-4.232149424255786,2.3146853852530406e-5,8.111258563008424e-4,Ap.102
ENSG00000171703,325.49057661902486,-1.2245144275546793,0.28948216752753747,-4.230016784844598,2.3367387584433046e-5,8.171963317989176e-4,Ap.102
ENSG00000179388,58.02983083961171,2.832482426123778,0.6697904725901361,4.228908206428094,2.3482812710175182e-5,8.195738835979524e-4,Ap.102
ENSG00000168671,360.0695788360823,-1.2003271801352304,0.28483975955409785,-4.214043650416928,2.5083877435320416e-5,8.649681967516876e-4,Ap.102
ENSG00000162998,25.303746480816734,6.599384602349915,1.5680121058065715,4.208758706588717,2.5677741668546787e-5,8.836825997326977e-4,Ap.102
ENSG00000151748,410.4009494252184,-1.3985335255416416,0.33268140949868774,-4.2038222924721556,2.6244501395125144e-5,9.013916622309781e-4,Ap.102
ENSG00000165178,479.97815490435636,1.038369071074773,0.24730582583373417,4.1987246664091025,2.6842245511079462e-5,9.20092526685335e-4,Ap.102
ENSG00000136636,725.335532808142,-1.121316317739179,0.26766767988659956,-4.189210734049913,2.7992635774603237e-5,9.557327581858607e-4,Ap.102
ENSG00000196810,233.62525048539823,-1.515710052689681,0.361882978577994,-4.18839830114588,2.8093015080475816e-5,9.572681036100596e-4,Ap.102
ENSG00000157110,388.1336732952575,-1.1916097055219124,0.2853079812676236,-4.176573330432571,2.959333696571494e-5,0.0010004980223477324,Ap.102
ENSG00000075223,183.00353927531899,1.5904878206806277,0.3831666246713445,4.150903858197058,3.311648631438709e-5,0.0011002315722449065,Ap.102
ENSG00000203783,74.5808910895029,-2.5053711719523366,0.6089528657306028,-4.114228395898047,3.884766570701488e-5,0.001280786780065628,Ap.102
ENSG00000166426,326.31617621912136,-1.2716138989298555,0.31087920789274215,-4.090379371297745,4.3066816014157115e-5,0.0013959142841661882,Ap.102
ENSG00000198734,250.363350124395,1.313790715592743,0.32167258336126836,4.0842483430340515,4.4219719719084865e-5,0.0014305990222226782,Ap.102
ENSG00000122025,532.0528677140783,-1.0136330256596306,0.24831768923324923,-4.08200087875136,4.464962796522257e-5,0.0014391174864313158,Ap.102
ENSG00000135318,99.89031540513928,2.2176623942937614,0.5446219156197942,4.071930142161104,4.662516426119221e-5,0.001497205088803637,Ap.102
ENSG00000122035,87.85443441134176,2.2748862191612944,0.5625329578512474,4.0440052221133165,5.254574792256973e-5,0.0016748714780633112,Ap.102
ENSG00000204421,46.829598094537054,3.0984040935062915,0.7671674186325418,4.038758709316833,5.373480550027092e-5,0.0017064751834975744,Ap.102
ENSG00000186810,62.1358636096383,2.6271932437276346,0.6522007177364835,4.028197412670023,5.620614006165558e-5,0.0017784199188739227,Ap.102
ENSG00000164465,438.82888046596605,-1.0660401189170945,0.26468330557541586,-4.027606186191252,5.63476212624879e-5,0.0017796371205315192,Ap.102
ENSG00000204136,584.7534003503931,-1.0080395436664649,0.2513210846878136,-4.010962888046711,6.047161626196399e-5,0.0018925863089523367,Ap.102
ENSG00000164442,224.1859332678716,-1.7253093044744923,0.4303559305781241,-4.009028764066934,6.0968990528295816e-5,0.0019047021344789123,Ap.102
ENSG00000158106,250.78215712675276,-1.2907350595758411,0.3221484247815479,-4.00664712376322,6.158676887230637e-5,0.0019205289152309836,Ap.102
ENSG00000215704,44.041188021134985,3.9305057493736606,0.9817245600232866,4.003674665407606,6.236611649343689e-5,0.0019378363822672945,Ap.102
ENSG00000128641,208.55338588237404,-1.5596814594257482,0.39090777433130036,-3.9898962411115777,6.610220535136385e-5,0.002039253035089575,Ap.102
ENSG00000156521,349.6142602658481,-1.1407090852987343,0.28720829072949955,-3.9717136382148683,7.135746651875707e-5,0.0021935437572563115,Ap.102
ENSG00000123179,717.6713536871765,-2.9057224698407502,0.73368414160105,-3.9604542405671532,7.480732755367619e-5,0.0022753017443966723,Ap.102
ENSG00000167880,148.34056182443345,-1.8029782352993762,0.4554158448769797,-3.958971247007029,7.527329732541274e-5,0.002281441201041808,Ap.102
ENSG00000213934,156.42721194612125,1.5688884751875671,0.3973689235128224,3.948191170356939,7.87439138728277e-5,0.0023782864616555444,Ap.102
ENSG00000213903,324.73443866313517,-1.2361661972108295,0.313341276486887,-3.945111257190407,7.976293571584086e-5,0.0023964947433510724,Ap.102
ENSG00000157077,241.5084660330786,-1.2858861169332692,0.32629574304873876,-3.9408608427392093,8.118971817083953e-5,0.002430907402286696,Ap.102
ENSG00000175040,724.8286661275387,-1.0333390489893894,0.2641517329287879,-3.911914707248826,9.15672532795378e-5,0.0027134062910073673,Ap.102
ENSG00000136828,150.82460869852525,-1.5903699706770715,0.4065982704463409,-3.9114036784545396,9.17612519292813e-5,0.0027144989526203147,Ap.102
ENSG00000175806,479.4878377655863,-1.0394344786986147,0.2673757386628184,-3.8875422426019832,1.0126436862174578e-4,0.002980312150441704,Ap.102
ENSG00000146054,161.13175392137055,-1.7943142652624773,0.46251976469701467,-3.879432625842246,1.047003954031902e-4,0.0030761973316080164,Ap.102
ENSG00000143207,1727.2558521652834,-1.9833532184598626,0.5128303500199349,-3.8674645882069285,1.099727919358289e-4,0.003214703813000643,Ap.102
ENSG00000111786,3535.149378452037,-2.946453165532097,0.7642023490923622,-3.8555929185922797,1.1544946777131025e-4,0.0033464849080824767,Ap.102
ENSG00000229754,109.9515892926584,1.8654854856616099,0.48410247513891774,3.853492971971051,1.1644460736147116e-4,0.0033584257709128144,Ap.102
ENSG00000183784,392.198671617979,-1.0288662170577558,0.26735461637655156,-3.8483203731506355,1.1893045444150113e-4,0.003419405104300051,Ap.102
ENSG00000160307,507.17569632220983,1.0938392248036979,0.2845249527749425,3.844440405439301,1.208278427408735e-4,0.0034559963761445875,Ap.102
ENSG00000150594,34.79926108505111,3.495426386647851,0.9103653569171067,3.8395863376050317,1.2324178485909187e-4,0.0035192150003730102,Ap.102
ENSG00000183386,545.4127937965285,-1.0837144291987237,0.2825483843901873,-3.83550035700137,1.253089243295682e-4,0.0035723382454086144,Ap.102
ENSG00000261455,101.12799202871432,-1.8948766222654152,0.49506315684920227,-3.827545225391516,1.2942760857981032e-4,0.003677617378001321,Ap.102
ENSG00000250337,128.1517186357758,1.7505951420525243,0.4575341776223226,3.8261516355999423,1.30162129778317e-4,0.0036863622197544333,Ap.102
ENSG00000275302,138.5300678219179,1.6171328400448344,0.423214977917657,3.821067127637133,1.3287547563857967e-4,0.0037418996984374922,Ap.102
ENSG00000221866,205.5912753179836,-1.3479106676677906,0.352777178493407,-3.8208556274083967,1.3298948916650962e-4,0.0037418996984374922,Ap.102
ENSG00000154864,372.83227775296666,1.04340986256889,0.27327354642166474,3.8181883180119254,1.3443529111924386e-4,0.0037764294136196047,Ap.102
ENSG00000111450,459.5759204493067,-1.1462386376260139,0.3004777785918526,-3.8147201533427935,1.3633734596327676e-4,0.0038236428390609895,Ap.102
ENSG00000172137,175.8262843879437,-1.4276175729665923,0.3750784470009366,-3.8061839713307424,1.4112742230727615e-4,0.003951567824603732,Ap.102
ENSG00000263429,115.07163080985373,1.88288467535409,0.49837089210009894,3.7780791478807076,1.580426551704975e-4,0.004403782114073411,Ap.102
ENSG00000160113,161.41032567078292,-1.5269267367884625,0.40624681109301175,-3.758618394271818,1.708541882750238e-4,0.004707618750620911,Ap.102
ENSG00000178175,110.78662228522627,2.0110173776429696,0.5358427628520905,3.7529990457257956,1.7473152047413042e-4,0.0048067862224698684,Ap.102
ENSG00000176928,185.53901267536537,-1.425170747006152,0.3809268508626922,-3.74132394127256,1.8305339150803308e-4,0.005011775581129603,Ap.102
ENSG00000188517,44.5102423222479,2.8574856355407383,0.7640254494189003,3.740039860863371,1.8399107492432054e-4,0.005029477548089497,Ap.102
ENSG00000142634,1210.6546653937405,-2.288676791731619,0.6122218366593642,-3.738312903407629,1.852592852258607e-4,0.00505144362890249,Ap.102
ENSG00000187513,43.2982992419911,3.0543263214906786,0.8188578886496134,3.7299833876273674,1.914923957106717e-4,0.005193442116636678,Ap.102
ENSG00000122641,28.429790258606012,3.6975315469792815,0.9929451196241532,3.723802528360138,1.9624444609909233e-4,0.005313979703460688,Ap.102
ENSG00000133812,412.0703991291584,-1.0417310800825481,0.28054390205114604,-3.7132551178839375,2.0461044262585937e-4,0.005504629758173339,Ap.102
ENSG00000205403,66.75293254154873,-2.255830576789333,0.6075617109166872,-3.712924195610917,2.0487826664189956e-4,0.005504629758173339,Ap.102
ENSG00000147100,309.41767318938173,-1.0980086491645262,0.29638173058762113,-3.704710971852279,2.116319048374889e-4,0.0056772558819448106,Ap.102
ENSG00000111344,178.97625856816464,1.396186944556266,0.37694555750725167,3.7039485324864354,0.00021226934331288619,0.005685527403214608,Ap.102
ENSG00000047365,228.50629147766253,-1.2378149545176076,0.3344408735827534,-3.701147354560193,2.146267860863953e-4,0.0057397714495798224,Ap.102
ENSG00000157510,134.57101982009019,-1.7167700990234147,0.4686539257594948,-3.663193680157993,2.49090051043303e-4,0.0065799384125750805,Ap.102
ENSG00000186204,140.81971369057436,-1.5242016118588906,0.4175405160335282,-3.650428050284103,2.618036407101006e-4,0.0068633075825609985,Ap.102
ENSG00000080644,50.62466842870578,-2.5322513564479965,0.696607277060258,-3.6351204471109066,2.778507904657154e-4,0.007261951975923902,Ap.102
ENSG00000260947,308.5758041371646,-1.0571286639033468,0.2939661358563063,-3.5960899401694424,3.2303615126110186e-4,0.008341961956930936,Ap.102
ENSG00000162849,74.4341319957317,-2.701517585000684,0.7544830331807647,-3.5806207246458173,3.4277892020534884e-4,0.008773109074766826,Ap.102
ENSG00000138829,183.95789440406085,-1.4503726824164187,0.4069681828860381,-3.56384784709954,3.654578442142321e-4,0.009261701992386644,Ap.102
ENSG00000182487,298.844988062996,1.0654075076055634,0.298958517657634,3.5637302323851614,3.656217156059094e-4,0.009261701992386644,Ap.102
ENSG00000228672,123.27023176852497,-1.587291225740782,0.4457214453611327,-3.561173109933551,3.692015578762222e-4,0.009338691235533844,Ap.102
ENSG00000253320,150.7023206639429,-1.4292665774266895,0.4015405851345329,-3.559457325958285,3.7162191048960833e-4,0.009372467336669304,Ap.102
ENSG00000115414,302.47767699953795,-1.148174129136829,0.3236967491539829,-3.5470672230651332,3.8954518090944805e-4,0.009795898901588973,Ap.102
ENSG00000100558,43.73411799692282,2.6448601439026507,0.7483524717647154,3.5342438806485346,4.089435546349318e-4,0.010224180679989987,Ap.102
ENSG00000101160,155.014190897118,-1.496680722988226,0.42481459255539233,-3.523138680301033,4.264681473472252e-4,0.010631549370231837,Ap.102
ENSG00000183971,70.261553699362,-2.0551385106899325,0.5836720385828218,-3.521050135757553,4.298413374761817e-4,0.010700200210718321,Ap.102
ENSG00000144218,196.903770644729,-1.263580001242944,0.3604728111696217,-3.505340658406445,4.5602338035707966e-4,0.01130309887955367,Ap.102
ENSG00000204832,196.68096678976872,1.243208343778974,0.35586880044390895,3.493445736822678,4.768298795392151e-4,0.011751373750241769,Ap.102
ENSG00000169495,71.82082856298008,-2.0088935332884033,0.5758395372826949,-3.4886342517710522,4.854949527810771e-4,0.011947878638526905,Ap.102
ENSG00000171621,56.07153958232063,-2.298323199093599,0.6595731120816148,-3.4845616914856996,4.929438112329602e-4,0.01209753891830507,Ap.102
ENSG00000167702,33.447449617429776,-3.137993820643966,0.9005465339183476,-3.4845437769776453,4.929768116743905e-4,0.01209753891830507,Ap.102
ENSG00000198780,179.97792803888643,-1.297939228631647,0.3726558706561687,-3.482943194605384,4.959335842381126e-4,0.012135621248296929,Ap.102
ENSG00000174721,68.07732746963812,-2.0539955849312475,0.5904138597111226,-3.4789081440876495,5.0346112601885e-4,0.012285020357488208,Ap.102
ENSG00000171208,1339.5850235163184,-2.172754088579183,0.6247253826120874,-3.477934703876627,5.052929967288044e-4,0.012312329776427114,Ap.102
ENSG00000188897,226.6775081482803,-1.1652536510506422,0.3363033304083757,-3.464888824132862,5.304507172349174e-4,0.01287088004346971,Ap.102
ENSG00000174307,144.25109778259093,-1.7184353720569232,0.49607403621853063,-3.4640703737615444,5.32067296367404e-4,0.012891998053356623,Ap.102
ENSG00000181035,293.63606969493406,-1.0398431304037663,0.3007301562420998,-3.457728162009303,5.447507466729641e-4,0.013144013826148224,Ap.102
ENSG00000175264,39.68215269123161,-2.708042577086997,0.7837262748936471,-3.4553423355041692,5.495945206645974e-4,0.013223948383010565,Ap.102
ENSG00000132329,204.36101245010266,1.2849284217276393,0.37191270377983715,3.45491941702611,5.504573170792272e-4,0.013226287357247188,Ap.102
ENSG00000150556,64.15924334143578,2.853593490834525,0.8262120268143744,3.4538271027560867,5.526915898423892e-4,0.013261527647384884,Ap.102
ENSG00000137809,103.9325096693466,1.952260246875399,0.5677661817086381,3.438493361827677,5.849608793782551e-4,0.013939012623639635,Ap.102
ENSG00000156689,269.03907401009434,-1.1136663205069073,0.3240335422956726,-3.4368859242686494,5.884433827081989e-4,0.014002683029844138,Ap.102
ENSG00000129968,300.657903993463,-1.0464345198172096,0.30462657841750723,-3.435138605611144,5.922508247205837e-4,0.014073899928298217,Ap.102
ENSG00000197122,289.83146995614123,-1.1049635784235279,0.32232459068929936,-3.4281082186765057,6.078031201240072e-4,0.014403850073062207,Ap.102
ENSG00000182752,47.83787498010146,2.6187777591586006,0.7661114620912638,3.418272521350994,6.301997238203331e-4,0.014893748876498051,Ap.102
ENSG00000127954,63.302920270514036,-2.089847792739544,0.6116839979468636,-3.416548086518829,6.342046214518069e-4,0.014967922186067507,Ap.102
ENSG00000197530,185.84902571102842,-1.2469407380185034,0.36580942933471444,-3.408716774431631,6.526920533798327e-4,0.015282098980848874,Ap.102
ENSG00000172215,99.93032765774213,1.858578318662788,0.545271262419045,3.4085389177074528,6.531176833480766e-4,0.015282098980848874,Ap.102
ENSG00000198842,86.67507147929273,-1.9967738163879767,0.5859405570404785,-3.4078095335702008,6.548658780157641e-4,0.015282098980848874,Ap.102
ENSG00000102760,58.995710549197284,-2.539513532028273,0.7465448304140937,-3.401689260402024,6.697073876629256e-4,0.015576675485638744,Ap.102
ENSG00000046889,133.2691382191675,-1.6199862901357895,0.4762418663092632,-3.4016041107225936,6.699160619257691e-4,0.015576675485638744,Ap.102
ENSG00000179148,28.46033770896089,3.5460283191565893,1.0462695500124901,3.3892110490210268,7.009403927821868e-4,0.016189099232226015,Ap.102
ENSG00000072422,178.0179513192211,-1.4760556705092414,0.4374773084329817,-3.3740165308147914,7.407991890101225e-4,0.01706406238578517,Ap.102
ENSG00000167580,250.8070030617382,7.2635163646373275,2.1557579661949196,3.369356151543301,7.534400657814025e-4,0.01733213126023903,Ap.102
ENSG00000125657,328.7429437673196,1.0314543827425686,0.3071271721529503,3.35839507625493,7.839647715292341e-4,0.017947008511411653,Ap.102
ENSG00000156711,147.531458678824,-1.360039722489408,0.40919488842030416,-3.3236967542283775,8.883273408192584e-4,0.020166548147166237,Ap.102
ENSG00000161405,162.2038555738935,1.3903031422299414,0.4188901644227599,3.319015962444023,9.03352654160339e-4,0.02040041889316865,Ap.102
ENSG00000166091,224.189021088382,1.1118130092070806,0.3365450544143967,3.303608223100127,9.544912003281324e-4,0.021345027294058197,Ap.102
ENSG00000162630,163.9346569734625,-1.39399481503036,0.4224821006991471,-3.299535797430232,9.684487521060797e-4,0.021616176539256633,Ap.102
ENSG00000283122,80.50156946960607,-1.7903877587611141,0.542696030896829,-3.2990618261983964,9.700854308668603e-4,0.02162476890794307,Ap.102
ENSG00000065833,238.86306532648135,-1.1119938206403972,0.3380830539973966,-3.2891143388954367,0.0010050318630799335,0.022332853723333282,Ap.102
ENSG00000168785,209.75019036787322,-1.1863844578067713,0.36076131697404157,-3.2885578413944447,0.0010070208989625276,0.022332853723333282,Ap.102
ENSG00000111341,24.881903557556516,3.7874321390996624,1.1534771795709886,3.2834911744923447,0.001025298550000206,0.022679971510631957,Ap.102
ENSG00000241743,72.61586707581989,1.8812138864439676,0.5745243448089142,3.274384982014393,0.0010589223729450255,0.023288948494422167,Ap.102
ENSG00000164045,479.86835155050727,-1.032797361823985,0.31825519788372036,-3.24518615466992,0.0011737386683982748,0.025538424729532234,Ap.102
ENSG00000164867,228.56108788951738,-1.2066329038119483,0.3718828694914113,-3.2446584739494586,0.0011759156509114166,0.02555360853477438,Ap.102
ENSG00000151917,263.6344745091353,-1.0211373769814827,0.315130959225252,-3.2403588003284223,0.0011937937999243315,0.025877015919062423,Ap.102
ENSG00000173457,320.61818251088835,-1.087206531343607,0.34096947407685085,-3.1885743856899116,0.0014297621876025787,0.030307449758309384,Ap.102
ENSG00000182118,352.47575573512995,-1.1684299680347827,0.36814711056356286,-3.173812681148413,0.0015045075281688613,0.0315052994626003,Ap.102
ENSG00000162745,204.1116310103334,-1.1259716844536178,0.3565740944827489,-3.157749544556699,0.0015899209187956785,0.03305351840326611,Ap.102
ENSG00000187474,70.93731044401387,1.8926007881677793,0.5998864347236161,3.1549317981156744,0.001605356280714766,0.033334297001957086,Ap.102
ENSG00000171951,66.67034460701254,1.8860022078207226,0.5980635527773422,3.1535147043526277,0.0016131710125131145,0.033456353435986276,Ap.102
ENSG00000158813,25.962582414940837,-3.11352807114698,0.9887325196321372,-3.1490094735686287,0.0016382488433035742,0.033895074271751556,Ap.102
ENSG00000175764,62.99744620772558,-1.9227934840516647,0.6107866641904336,-3.1480606843311305,0.001643575688114106,0.03396460955485562,Ap.102
ENSG00000151229,256.49226908277285,-1.0276063811141831,0.32694446717476516,-3.1430609301759054,0.001671910340931447,0.03434473608790925,Ap.102
ENSG00000255319,157.93235617309583,1.246610355595533,0.3975188975501515,3.135977593211802,0.0017128228950872417,0.0350601046629469,Ap.102
ENSG00000125968,301.95265027781414,1.1594424279214788,0.3709038358957848,3.1259920111671606,0.0017720636564165571,0.03614424052922366,Ap.102
ENSG00000158825,239.1466808428595,-1.0244206202715067,0.32874186410975026,-3.1161854698539537,0.001832070050995133,0.03723628494234343,Ap.102
ENSG00000238243,132.3404553049853,-1.3184900649369269,0.42642391538603375,-3.091970260962784,0.0019883276774297887,0.039942266227066314,Ap.102
ENSG00000099385,307.7881060041859,-1.0065892670741254,0.3256930680515704,-3.090606972681229,0.0019974783883109234,0.04007948505976715,Ap.102
ENSG00000117594,49.578930543398535,-2.7160163699878477,0.8796675949567744,-3.0875485075942906,0.0020181483144023752,0.040368110876645505,Ap.102
ENSG00000128683,159.94085794620275,1.23247174977423,0.399742916698407,3.083160947424841,0.0020481435082903366,0.04071775287597682,Ap.102
ENSG00000143416,321.1569107224627,-1.0167568962593811,0.33001807371368136,-3.0809127658308313,0.002063670995665741,0.04097415286963282,Ap.102
ENSG00000128656,78.79895016100977,1.6900667598403714,0.54861467473285,3.080608007183468,0.0020657841600746807,0.04097415286963282,Ap.102
ENSG00000198729,30.235935778907997,-3.459548933142762,1.1238724803189208,-3.0782397413637597,0.002082273237305397,0.04125384455010096,Ap.102
ENSG00000245888,109.86374825680386,1.503396423893292,0.4891757459182111,3.073325765714999,0.002116872624949038,0.041672210711210175,Ap.102
ENSG00000178719,231.5822901432824,-1.017191485922081,0.3310134513391991,-3.0729611796945835,0.0021194605743148735,0.041672210711210175,Ap.102
ENSG00000184207,234.83952795619132,-1.305520161469024,0.42580837663373583,-3.06598045766484,0.0021695749459822123,0.042496118783207144,Ap.102
ENSG00000170684,77.84116845232518,-1.6735799109146037,0.5480933732852615,-3.053457663396287,0.0022622063966299517,0.043961617219548985,Ap.102
ENSG00000156011,249.08511865427144,-1.0252927232680065,0.3369631288858549,-3.0427445479215054,0.00234431248198344,0.04535312703107045,Ap.102
ENSG00000181915,346.0543424096139,-1.1084027137791808,0.3643375669067528,-3.0422410820536143,0.0023482373918620415,0.04537824293267184,Ap.102
ENSG00000254614,43.6398859153465,-2.3134601002536033,0.7608156352432789,-3.0407630877799323,0.002359794297617332,0.04549978380093418,Ap.102
ENSG00000109576,122.01195525804818,-1.3386027037610648,0.441308374339213,-3.0332592391100737,0.002419276720854437,0.04654278911968959,Ap.102
ENSG00000140092,153.23977708580563,-1.2365501006586679,0.407966984122872,-3.0310053234264713,0.002437409505072689,0.04678035019367463,Ap.102
ENSG00000143297,50.32193363113595,-2.744713442179966,0.9062789864884726,-3.0285524469841354,0.0024572842002662976,0.04701222795548234,Ap.102
ENSG00000188747,75.05118764674953,-1.6935719774060631,0.5597955827155537,-3.025340016422762,0.0024835375483278663,0.04744083580827275,Ap.102
ENSG00000051128,114.12821670247118,-1.3844950616891933,0.45766311118531683,-3.0251401693779596,0.002485179231679025,0.04744083580827275,Ap.102
ENSG00000125967,175.1597914961318,-1.146683435593122,0.37971094987894316,-3.019885088798992,0.0025287060529526383,0.04816529853452016,Ap.102
ENSG00000184792,187.3525021686239,1.1493527934028878,0.3807082057247074,3.0189861319511255,0.002536221407879701,0.04820457557143338,Ap.102
ENSG00000130204,1126.3427635578294,-2.4502373375748676,0.8131171882645916,-3.013387704673082,0.002583486331738274,0.048992656275642615,Ap.102
ENSG00000184232,276.88286941526525,-1.1481732340424464,0.38155015231743833,-3.009232802211544,0.002619083424177341,0.04955891044478395,Ap.102
ENSG00000120129,134.49975692241716,-1.6108598812018846,0.535623005122132,-3.007450885785943,0.0026344869139896324,0.04974141631266108,Ap.102
ENSG00000135636,206.43172790661254,-1.0475332614129937,0.3485308216576312,-3.005568507344256,0.0026508487400324302,0.04994118084274838,Ap.102
